efcid,Personalized URL,First Name,Last Name,Email,gender,Address 1,Address 2,City,State,Zip,Phone,Mobile,engage action,form checkbox,form input 1,form input 2,form input 3,highschool,grad_year,ceeb,Ethnicity,Race,GPA,dob,home school,list source
covenant_1718_IQP.csv_000033,AlexPeterson,Alex,Peterson,lap4phil413@gmail.com,M,,,,,,,,,,,,,,,,,,,,,Inquiry Pool
covenant_1718_IQP.csv_000064,ToriThomas,Tori,Thomas,selfexplanatorithomas@gmail.com,F,PO Box 1408,,"San Isidro De Heredia, 3018",,,,,,,,,,,,,,,,,,Inquiry Pool
covenant_1718_IQP.csv_000333,CaraSmole,Cara,Smole,CARTWHEELCARA@GMAIL.COM,F,8865 Fenwick Hills Pkwy,,Toano,VA,23168-9356,,,I'd Like to Visit,"not sure,fight for social change",Go overseas,"Writing- poetry, fiction, etc. ",Creating awkward situations,,,,,,,,,Inquiry Pool
covenant_1718_NRCCUA-27951.CSV_000993,EmmaAllison,Emma,Allison,mimmyftw@hotmail.com,F,388 Lick Skillet Rd,,Saltville,VA,24370-3676,,,Find Out Why,not sure,,,,Patrick Henry High School,2018,470948,NON-HISPANIC,WHITE,B,01/23/2000,,NRCCUA-27951
covenant_1718_NRCCUA-27939.CSV_000051,AshtonLawson,Ashton,Lawson,as112099@student.surry.k12.nc.us,F,216 Druid Dr,,Mount Airy,NC,27030-8468,,,,,,,,North Surry High School,2018,342782,NON-HISPANIC,UNKNOWN,A+,11/20/1999,,NRCCUA-27939
covenant_1718_NRCCUA-27939.CSV_000425,BenjaminBuchman,Benjamin,Buchman,bbuc4952@jcsnc.org,M,520 Woodall Dairy Rd,,Benson,NC,27504-8316,,,,,,,,West Johnston High School,2018,340298,NON-HISPANIC,WHITE,B+,06/13/2000,,NRCCUA-27939
covenant_1718_IQP.csv_000426,ElenaHaynes,Elena,Haynes,elenachrishaynes@gmail.com,F,102 Prince William Ln,,Cary,NC,27511-6327,,,Find Out Why,"help others,not sure",Go on at least two mission trips,Flower/plant breeding,"Creating - doodling, drawing, painting, helping conceptualize",,,,,,,,,Inquiry Pool
covenant_1718_NRCCUA-27939.CSV_000503,MadisonEdwardsR5X,Madison,Edwards,medw4030@jcsnc.org,F,116 Carroll Dr,,Four Oaks,NC,27524-7957,,,,,,,,South Johnston High School,2018,340320,NON-HISPANIC,WHITE,B+,08/21/2000,,NRCCUA-27939
covenant_1718_IQP.csv_000440,LeviMontrez,Levi,Montrez,mlev1897@jcsnc.org,M,PO Box 72,,Princeton,NC,27569-0072,,,,,,,,,,,,,,,,Inquiry Pool
covenant_1718_NRCCUA-27939.CSV_000642,HannahMcCoy,Hannah,McCoy,hmcc6347@jcsnc.org,F,1947 Progressive Church Rd,,Princeton,NC,27569-8775,,,,,,,,Princeton Middle/High School,2018,343180,NON-HISPANIC,WHITE,A,07/12/2000,,NRCCUA-27939
covenant_1718_NRCCUA-27939.CSV_000659,GracieTemple,Gracie,Temple,gtem5892@jcsnc.org,F,112 Kirkwall Ln,,Selma,NC,27576-9514,,,,,,,,North Johnston High School,2018,342010,NON-HISPANIC,WHITE,B+,10/10/2000,,NRCCUA-27939
covenant_1718_NRCCUA-27939.CSV_000675,JacobCrute,Jacob,Crute,jcru2725@jcsnc.org,M,49 Summer Oaks Dr,,Wendell,NC,27591-7442,,,,,,,,Corinth-Holders High School,2018,344082,NON-HISPANIC,WHITE,A,11/14/1999,,NRCCUA-27939
covenant_1718_NRCCUA-27939.CSV_000970,BrandiBunch,Brandi,Bunch,bbunch12345@gmail.com,F,1145 Rocky Hock Landing Rd,,Edenton,NC,27932-8011,,,,,,,,John A Holmes High School,2018,341110,NON-HISPANIC,WHITE,B,02/19/2000,,NRCCUA-27939
covenant_1718_IQP.csv_000469,KenadeeGallivan,Kenadee,Gallivan,deegallivan@hotmail.com,F,7697 Bermuda Hills Ln,,Denver,NC,28037-8467,,,,,,,,,,,,,,,,Inquiry Pool
covenant_1718_NRCCUA-27939.CSV_001079,NoahSaldo,Noah,Saldo,nsaldo5205@student.clevelandcountyschools.org,M,1126 Cleveland Ave,,Grover,NC,28073-9727,,,,,,,,Cleveland Early College High S,2018,343593,NON-HISPANIC,MULTI,A+,11/29/1999,,NRCCUA-27939
covenant_1718_NRCCUA-27939.CSV_001113,WilliamThompson,William,Thompson,wthompson9880@student.clevelandcountyschools.org,M,538 Oak Grove Rd,,Kings Mountain,NC,28086-7729,,,,,,,,Kings Mountain High School,2018,342045,NON-HISPANIC,WHITE,A,01/14/2000,,NRCCUA-27939
covenant_1718_IQP.csv_000527,AndrewThomas,Andrew,Thomas,andrew4636thomas@gmail.com,M,2305 Majestic Poplar Dr,,Waxhaw,NC,28173-9094,,,,,,,,,,,,,,,,Inquiry Pool
covenant_1718_NRCCUA-27939.CSV_001821,BrionnyBrown,Brionny,Brown,inga.briscoe@live.com,F,861 Shell Dr Apt 273,,Spring Lake,NC,28390-2067,,,,,,,,,2018,,NON-HISPANIC,AFR-AMER,A,11/02/1999,,NRCCUA-27939
covenant_1718_NRCCUA-27939.CSV_001913,SydneyBradshaw,Sydney,Bradshaw,sybra8589@students.pendercountyschools.net,F,203 W Promenade Ln,,Hampstead,NC,28443-3728,,,,,,,,Topsail High School,2018,341700,NON-HISPANIC,WHITE,A,06/23/2000,,NRCCUA-27939
covenant_1718_NRCCUA-27939.CSV_002154,HannahTaylor,Hannah,Taylor,btdhtaylor1999@icloud.com,F,2320 Old 421 S,,Boone,NC,28607-6298,,,,,,,,Watauga High School,2018,340420,NON-HISPANIC,WHITE,B+,11/22/1999,,NRCCUA-27939
covenant_1718_NRCCUA-27939.CSV_002352,AnnaParks,Anna,Parks,anpar536@wcsmail.org,F,1161 Mathis Mill Rd,,Roaring River,NC,28669-9304,,,,,,,,East Wilkes High School,2018,343400,NON-HISPANIC,WHITE,A+,04/22/2000,,NRCCUA-27939
covenant_1718_NRCCUA-27939.CSV_002432,SamuelLance,Samuel,Lance,18slance@s.tcsnc.org,M,3156 Old Toxaway Rd,,Brevard,NC,28712-6244,,,,,,,,Rosman High School,2018,343430,NON-HISPANIC,WHITE,A,03/29/2000,,NRCCUA-27939
covenant_1718_NRCCUA-27939.CSV_002462,KylieBall,Kylie,Ball,kylie.ball@students.macon.k12.nc.us,F,1055 Nickajack Rd,,Franklin,NC,28734-3607,,,,,,,,Franklin High School,2018,341370,NON-HISPANIC,WHITE,A,11/04/1999,,NRCCUA-27939
covenant_1718_NRCCUA-27939.CSV_002483,JarrettCothron,Jarrett,Cothron,jarrett4760@mcsgmail.com,M,89 Brookwood Dr,,Marion,NC,28752-5164,,,,,,,,McDowell High School,2018,342485,NON-HISPANIC,WHITE,B,03/02/2000,,NRCCUA-27939
covenant_1718_NRCCUA-27939.CSV_002492,AutumnRiggi,Autumn,Riggi,autumn0024@mcsgmail.com,F,544 Sugar Hill Heights Dr,,Marion,NC,28752-7626,,,,,,,,McDowell High School,2018,342485,NON-HISPANIC,WHITE,A-,10/02/2000,,NRCCUA-27939
covenant_1718_NRCCUA-27939.CSV_002511,MadisonBrinkley,Madison,Brinkley,18mbrinkley@s.tcsnc.org,F,90 Skyland Dr,,Pisgah Forest,NC,28768-9536,,,,,,,,Rosman High School,2018,343430,NON-HISPANIC,WHITE,A+,10/01/1999,,NRCCUA-27939
covenant_1718_IQP.csv_000668,RoycePeterson,Royce,Peterson,roycetwo@outlook.com,M,PO Box 732,,Marble,NC,28905-0732,,,,,,,,,,,,,,,,Inquiry Pool
covenant_1718_IQP.csv_000745,WilliamCline,William,Cline,clinedm@gmail.com,M,614 Altamont Rd,,Greenville,SC,29609-6613,,,,,,,,,,,,,,,,Inquiry Pool
covenant_1718_NRCCUA-27939.CSV_004460,EmmaMiller,Emma,Miller,emmerrosemiller@gmail.com,F,239 Diamond Ct,,Carrollton,GA,30116-7567,,,,,,,,Alexander High School,2018,111104,NON-HISPANIC,WHITE,A,05/10/2000,,NRCCUA-27939
covenant_1718_IQP.csv_001953,MichaelMcCarty,Michael,McCarty,dennyrmccarty@yahoo.com,M,16307 Turnbridge Ct,,Tampa,FL,33647-2740,,,,,,,,,,,,,,,,Inquiry Pool
covenant_1718_IQP.csv_001975,JonathanHutchinson,Jonathan,Hutchinson,jbrockhutchinson@gmail.com,M,2158 Rainbower Dr,,Lakeland,FL,33810-8213,,,,,,,,,,,,,,,,Inquiry Pool
covenant_1718_NRCCUA-27939.CSV_009641,SeanDestinoble,Sean,Destinoble,seandestin24@gmail.com,M,610 60th Avenue Dr E,,Bradenton,FL,34203-6736,,,,,,,,Bayshore High School,2018,100141,NON-HISPANIC,UNKNOWN,A+,01/24/1999,,NRCCUA-27939
covenant_1718_IQP.csv_002069,ClaytonLooper,Clayton,Looper,claytonlooper@gmail.com,M,510 Hiawatha Ave,,Inverness,FL,34452-4529,,,,,,,,,,,,,,,,Inquiry Pool
covenant_1718_NRCCUA-27939.CSV_009950,EmilySannella,Emily,Sannella,esannella@gmail.com,F,17623 Deer Isle Cir,,Winter Garden,FL,34787-9420,,,,,,,,West Orange High School,2018,101885,HISPANIC,MULTI,A-,11/20/1999,,NRCCUA-27939
covenant_1718_NRCCUA-27939.CSV_010322,TrevorHoward,Trevor,Howard,tgh2654@g.pellcityschools.net,M,733 Mays Bend Ln,,Pell City,AL,35128-7194,,,,,,,,Pell City High School,2018,012115,NON-HISPANIC,WHITE,A,09/21/1999,,NRCCUA-27939
covenant_1718_NRCCUA-27939.CSV_010674,RaeganHarrell,Raegan,Harrell,raegan.harrell@tuscaloosacityschools.com,F,809 Pin Brook Ln,,Tuscaloosa,AL,35406-1608,,,,,,,,Northridge High School,2018,012686,NON-HISPANIC,WHITE,B+,05/27/2000,,NRCCUA-27939
covenant_1718_NRCCUA-27939.CSV_010778,DakotaMcGough,Dakota,Mcgough,dakotamcgough@gmail.com,M,2302 Sutton Place Dr,,Jasper,AL,35504-9034,,,,,,,,Walker High School,2018,011540,NON-HISPANIC,WHITE,B+,01/24/2000,,NRCCUA-27939
covenant_1718_NRCCUA-27939.CSV_010818,MattieKerr,Mattie,Kerr,mattiekerr@gmail.com,F,335 Mills Rd,,Hamilton,AL,35570-2826,,,,,,,,,2018,,NON-HISPANIC,WHITE,A,02/11/2000,,NRCCUA-27939
covenant_1718_NRCCUA-27939.CSV_010852,ElizabethJackson,Elizabeth,Jackson,dwaynenrenea@yahoo.com,F,48 Red Top Ln,,Vernon,AL,35592-5838,,,,,,,,Lamar County High School,2018,012760,NON-HISPANIC,WHITE,B+,12/17/1999,,NRCCUA-27939
covenant_1718_NRCCUA-27939.CSV_011084,MalloryReaves,Mallory,Reaves,mallory.reaves@mshs.us,F,303 Elledge Ln,,Muscle Shoals,AL,35661-3527,,,,,,,,Muscle Shoals Area Voc Ctr,2018,973278,NON-HISPANIC,WHITE,A-,12/28/1999,,NRCCUA-27939
covenant_1718_NRCCUA-27939.CSV_011498,WillPair,Will,Pair,wp18444@fpcsk12.org,M,658 County Road 143,,Valley Head,AL,35989-3140,,,,,,,,Ft Payne High School,2018,011150,NON-HISPANIC,WHITE,A,06/04/1999,,NRCCUA-27939
covenant_1718_IQP.csv_002287,LeeCrawford,Lee,Crawford,LEECRAW3@GMAIL.COM,M,62 Mossey Ln,,Millbrook,AL,36054-2552,,,I'd Like to Visit,,,,,,,,,,,,,Inquiry Pool
covenant_1718_IQP.csv_002296,BrownSimmons,Brown,Simmons,brownsimmons1000@gmail.com,M,3106 Pinehurst Dr,,Montgomery,AL,36111-1119,,,,,,,,,,,,,,,,Inquiry Pool
covenant_1718_NRCCUA-27939.CSV_011817,TraevonBrooks,Traevon,Brooks,traevonbrookscareer@gmail.com,,601 Spring St,,Oxford,AL,36203-1450,,,,,,,,Oxford High School,2018,012085,NON-HISPANIC,MULTI,B,12/20/1998,,NRCCUA-27939
covenant_1718_NRCCUA-27939.CSV_012515,DakotaRiemer,Dakota,Riemer,drwind2k@gmail.com,F,1404 E University Dr,,Auburn,AL,36830-6331,,,Find Out Why,"adventure,help others,fight for social change",,,,,2018,,NON-HISPANIC,WHITE,A,03/04/2000,,NRCCUA-27939
covenant_1718_IQP.csv_002353,FinnHenry,Finn,Henry,finnbhenry@gmail.com,M,9353 Link Rd,,Christiana,TN,37037-5237,,,Find Out Why,"adventure,help others,not sure,fight for social change",Travel abroad,Kayaking,"Writing, memorization of history",,,,,,,,,Inquiry Pool
covenant_1718_IQP.csv_002377,GeorgiaFoss,Georgia,Foss,GAPEACHESTN@GMAIL.COM,F,1205 Gillette Ct,,Franklin,TN,37069-4185,,,Find Out Why,"adventure,help others,not sure",Learn how to better recognize opportunities that God hands me to trust Him more.,Reading works by authors such as C.S Lewis.,Ability to communicate maturely and understand opposing viewpoints.,,,,,,,,,Inquiry Pool
covenant_1718_IQP.csv_002382,LachlanSears,Lachlan,Sears,Lachlansports15@gmail.com,N,1709 Leaton Ct,,Franklin,TN,37069-6907,,,,,,,,,,,,,,,,Inquiry Pool
covenant_1718_NRCCUA-27939.CSV_012820,BlaineSwieder,Blaine,Swieder,blaine.c.swieder18@gmail.com,M,202 Green Meadow Ct,,Greenbrier,TN,37073-5749,,,,,,,,Greenbrier High School,2018,430795,NON-HISPANIC,WHITE,B+,02/14/2000,,NRCCUA-27939
covenant_1718_IQP.csv_002508,AnnaFleming,Anna,Fleming,annagracefleming@gmail.com,F,5626 Bungalow Cir,,Hixson,TN,37343-5359,,,,,,,,,,,,,,,,Inquiry Pool
covenant_1718_IQP.csv_002531,CarolineMorton,Caroline,Morton,carolinemorton18@gmail.com,F,3117 Bee Tree Ln,,Signal Mountain,TN,37377-1442,,,,,,,,,,,,,,,,Inquiry Pool
covenant_1718_NRCCUA-27939.CSV_014152,HannahBroyles,Hannah,Broyles,hbroyles2013@gmail.com,F,150 Lees Chapel Rd,,Sweetwater,TN,37874-6452,,,Find Out Why,"adventure,help others,not sure,fight for social change",Learn and Grow educationally and socially as a person,Being active in school activities,Be caring towards others,Sweetwater High School,2018,432235,NON-HISPANIC,WHITE,A,03/30/2000,,NRCCUA-27939
covenant_1718_NRCCUA-27939.CSV_014516,AmyaHunt,Amya,Hunt,amya.hunt@yahoo.com,F,1499 Maurine Dr,,Memphis,TN,38116-7967,,,Find Out Why,"adventure,help others",Pledge,Painting,Dancing,Whitehaven High School,2018,432430,NON-HISPANIC,MULTI,B+,10/16/2000,,NRCCUA-27939
covenant_1718_NRCCUA-27939.CSV_014648,DrewHolland,Drew,Holland,hollatd@yahoo.com,M,329 N Seventh St,,Obion,TN,38240-3857,,,,,,,,Obion County Central High Scho,2018,432305,NON-HISPANIC,WHITE,B,10/28/1999,,NRCCUA-27939
covenant_1718_NRCCUA-27951.CSV_001604,AshleyTripp,Ashley,Tripp,tnashley1@yahoo.com,F,537 Macrander Dr,,Berea,KY,40403-8311,,,Find Out Why,not sure,Leave the Country,,Creating Art,Madison Southern High School,2018,180211,NON-HISPANIC,WHITE,A,01/15/2000,,NRCCUA-27951
covenant_1718_NRCCUA-27951.CSV_002189,KlawMeh,Klaw,Meh,bumeh999@gmail.com,F,669 Moss Creek Ave,,Bowling Green,KY,42101-5511,,,Find Out Why,help others,Get all points,None,Math,Warren Central High School,2018,180265,NON-HISPANIC,ASIAN,B,01/25/2000,,NRCCUA-27951
covenant_1718_IQP.csv_003096,EvanElliottC7A,Evan,Elliott,lle@oasisint.net,M,1668 Fisher Lane,,Winfield,IL,60190,,,,,,,,,,,,,,,,Inquiry Pool
covenant_1718_IQP.csv_003487,TaylorJobe,Taylor,Jobe,taylor.jobe32@gmail.com,F,22135 E Creekside Dr,,Queen Creek,AZ,85142-4834,,,,,,,,,,,,,,,,Inquiry Pool
