efcid,Personalized URL,First Name,Last Name,Email,gender,Address 1,Address 2,City,State,Zip,Phone,Mobile,engage action,form checkbox,form input 1,form input 2,form input 3,highschool,grad_year,ceeb,Ethnicity,Race,GPA,dob,home school,list source
covenant_1718_NRCCUA-27939.CSV_001708,HeatherHigley,Heather,Higley,topdog1997chevy@gmail.com,F,632 Forest Rd,,Lumberton,NC,28358-9172,,,,,,,,Lumberton Senior High School,2018,342435,NON-HISPANIC,WHITE,A,04/18/2000,,NRCCUA-27939
covenant_1718_NRCCUA-27939.CSV_003497,MajaylaPage,Majayla,Page,rroderi@msn.com,,104 Hoyt St,,Latta,SC,29565-1814,,,,,,,,Latta High School,2018,411260,NON-HISPANIC,AFR-AMER,B,09/21/1999,,NRCCUA-27939
covenant_1718_NRCCUA-27939.CSV_004189,ChristianCrider,Christian,Crider,cwccrc@bellsouth.net,M,2615 Dacula Ridge Dr,,Dacula,GA,30019-3403,,,,,,,,Central Gwinnett High School,2018,111805,NON-HISPANIC,WHITE,B,07/28/2000,,NRCCUA-27939
covenant_1718_IQP.csv_001021,PierceBraaksma,Pierce,Braaksma,pierce_b@mpglogisticsinc.com,M,5174 Waterloo Dr NW,,Acworth,GA,30101-5749,,,Find Out Why,not sure,Travel to Europe,Golf,Helping others,,,,,,,,,Inquiry Pool
covenant_1718_IQP.csv_001063,KamrynThomas,Kamryn,Thomas,thomas.kamryn13@gmail.com,F,1968 Heritage Crossing Place,,Powder Springs,GA,30127,,,,,,,,,,,,,,,,Inquiry Pool
covenant_1718_IQP.csv_001362,ClaireHansen,Claire,Hansen,pclairehansen@yahoo.com,F,Banyan Creek Drive,,Talmo,GA,30575,,,,,,,,,,,,,,,,Inquiry Pool
covenant_1718_NRCCUA-27939.CSV_014948,MaggieBattilla,Maggie,Battilla,mlbattilla@hotmail.com,F,1964 Clemmons Rd,,Cookeville,TN,38501-9452,,,Find Out Why,not sure,Figure things out,Knitting,Organization,Upperman High School,2018,430075,NON-HISPANIC,WHITE,A+,10/15/1999,,NRCCUA-27939
covenant_1718_NRCCUA-27951.CSV_002317,AspynWaters,Aspyn,Waters,as.waters@hotmail.com,F,7345 S Barker Cir,,Fort Campbell,KY,42223-3201,,,Find Out Why,"adventure,help others",I don't know yet,Perfecting my fx make up skills,My acting,Ft Campbell High School,2018,180845,NON-HISPANIC,WHITE,B+,04/14/2000,,NRCCUA-27951
