efcid,PURL,First Name,Last Name,Email,Address,City,State,Zip,phone,mobile,date,Event Info,gender,highschool,grad year,ceeb,gap,listsource,Browser,browserName,OS
SEED23,RayFinton,Ray,Finton,ray@7bridgesmarketing.com,1878 E. 15th Street,Tulsa,OK,74104,,,9/12/2017 3:03:28 PM,covenant.edu/admissions/undergrad/costs/applyforaid,M,,18,,,,Mozilla,Netscape,MacIntel
SEED23,RayFinton,Ray,Finton,ray@7bridgesmarketing.com,1878 E. 15th Street,Tulsa,OK,74104,,,9/13/2017 11:32:46 AM,https://urpurpose.covenant.edu/##PURL##/tracker.html?SessionGuid=cfea81ef-88cd-4968-8cec-ed0d895f70,M,,18,,,,Mozilla,Netscape,MacIntel
SEED23,RayFinton,Ray,Finton,ray@7bridgesmarketing.com,1878 E. 15th Street,Tulsa,OK,74104,,,9/13/2017 1:21:02 PM,www.covenant.edu/admissions/undergrad/apply,M,,18,,,,Mozilla,Netscape,MacIntel
SEED23,RayFinton,Ray,Finton,ray@7bridgesmarketing.com,1878 E. 15th Street,Tulsa,OK,74104,,,9/13/2017 1:22:10 PM,www.covenant.edu/academics/undergrad,M,,18,,,,Mozilla,Netscape,MacIntel
SEED23,RayFinton,Ray,Finton,ray@7bridgesmarketing.com,1878 E. 15th Street,Tulsa,OK,74104,,,9/13/2017 4:14:16 PM,www.covenant.edu/admissions/undergrad/apply,M,,18,,,,Mozilla,Netscape,MacIntel
SEED17,KimWalker00,Kim,Walker,kimwalker.js@gmail.com,1005 Eaglecrest Drive,Hamptonville,NC,27020,,,9/13/2017 7:58:00 PM,urpurpose.covenant.edu/kimwalker01/tattoo.html,M,,19,,,,,,
SEED23,RayFinton,Ray,Finton,ray@7bridgesmarketing.com,1878 E. 15th Street,Tulsa,OK,74104,,,9/13/2017 8:12:47 PM,www.covenant.edu/visit,M,,18,,,,Mozilla,Netscape,MacIntel
SEED16,KimWalker,Kim,Walker,kim.walker@enrollmentfuel.com,1005 Eaglecrest Drive,Hamptonville,NC,27020,,,9/13/2017 9:18:31 PM,www.covenant.edu/admissions/undergrad/apply,M,,18,,,,,,
SEED16,KimWalker,Kim,Walker,kim.walker@enrollmentfuel.com,1005 Eaglecrest Drive,Hamptonville,NC,27020,,,9/13/2017 9:18:49 PM,www.covenant.edu/academics/undergrad,M,,18,,,,,,
SEED16,KimWalker,Kim,Walker,kim.walker@enrollmentfuel.com,1005 Eaglecrest Drive,Hamptonville,NC,27020,,,9/13/2017 9:18:59 PM,www.covenant.edu/visit,M,,18,,,,,,
SEED16,KimWalker,Kim,Walker,kim.walker@enrollmentfuel.com,1005 Eaglecrest Drive,Hamptonville,NC,27020,,,9/13/2017 9:19:12 PM,www.covenant.edu/students,M,,18,,,,,,
SEED16,KimWalker,Kim,Walker,kim.walker@enrollmentfuel.com,1005 Eaglecrest Drive,Hamptonville,NC,27020,,,9/13/2017 9:19:22 PM,www.covenant.edu/,M,,18,,,,,,
SEED1,JacquelynElliott,Jacquelyn,"Elliott, Ed.D",elliott.jacqui@gmail.com,108 Furches Drive #4,Johnson City,TN,37615,,,9/14/2017 4:50:04 AM,www.covenant.edu/admissions/undergrad/costs,F,,19,,,,,,
SEED1,JacquelynElliott,Jacquelyn,"Elliott, Ed.D",elliott.jacqui@gmail.com,108 Furches Drive #4,Johnson City,TN,37615,,,9/14/2017 4:50:14 AM,www.covenant.edu/academics/undergrad,F,,19,,,,,,
SEED1,JacquelynElliott,Jacquelyn,"Elliott, Ed.D",elliott.jacqui@gmail.com,108 Furches Drive #4,Johnson City,TN,37615,,,9/14/2017 4:50:20 AM,www.covenant.edu/visit,F,,19,,,,,,
SEED1,JacquelynElliott,Jacquelyn,"Elliott, Ed.D",elliott.jacqui@gmail.com,108 Furches Drive #4,Johnson City,TN,37615,,,9/14/2017 4:50:26 AM,www.covenant.edu/students,F,,19,,,,,,
SEED23,RayFinton,Ray,Finton,ray@7bridgesmarketing.com,1878 E. 15th Street,Tulsa,OK,74104,,,9/14/2017 3:38:27 PM,www.covenant.edu/admissions/undergrad/apply,M,,18,,,,Mozilla,Netscape,MacIntel
