efcid,Personalized URL,Score,First Name,Last Name,Email,Address 1,City,State,Zip,Phone,Mobile,Gender,high school,grad year,ceeb,gap,SourceListName
SEED2,JacquiElliott,50,Jacqui,"Elliott, Ed.D",Jacqui.Elliott@enrollmentfuel.com,"108 Furches Drive #4 ",Johnson City,TN,37615,,,F,,18,,,
SEED1,JacquelynElliott,80,Jacquelyn,"Elliott, Ed.D",elliott.jacqui@gmail.com,"108 Furches Drive #4 ",Johnson City,TN,37615,,,F,,19,,,
SEED24,RayFinton00,230,Ray,Finton,abcfinton@gmail.com,1878 E. 15th Street ,Tulsa,OK,74104,,,M,,19,,,
SEED23,RayFinton,1460,Ray,Finton,ray@7bridgesmarketing.com,1878 E. 15th Street ,Tulsa,OK,74104,,,M,,18,,,
SEED16,KimWalker,40,Kim,Walker,kim.walker@enrollmentfuel.com,1005 Eaglecrest Drive ,Hamptonville,NC,27020,,,M,,18,,,
SEED17,KimWalker00,20,Kim,Walker,kimwalker.js@gmail.com,1005 Eaglecrest Drive ,Hamptonville,NC,27020,,,M,,19,,,
SEED18,KimWalker01,20,Kim,Walker,kimwalker316@yahoo.com,1005 Eaglecrest Drive ,Hamptonville,NC,27020,,,M,,18,,,
SEED19,KimWalker02,20,Kim,Walker,kimwalker@yadtel.net,1005 Eaglecrest Drive ,Hamptonville,NC,27020,,,M,,19,,,
CLIENT1,JeffSandhoff,30,Jeff,Sandhoff,jeff.sandhoff@covenant.edu,14049 Scenic Highway ,Lookout Mountain,GA,30750,,,M,,18,,,
