efcid,Personalized URL,First Name,Last Name,Email,gender,Address 1,Address 2,City,State,Zip,Phone,Mobile,engage action,form checkbox,form input 1,form input 2,form input 3,highschool,grad_year,ceeb,Ethnicity,Race,GPA,dob,home school,list source
covenant_1718_IQP.csv_000075,AnnaMcClure,Anna,McClure,ANNAGMCCLURE@YAHOO.COM,F,23 Wildwood Ave,,Greenfield,MA,01301-1213,,,Find Out Why,not sure,"Really get a good understanding of what I'm going to be doing as soon as I graduate, and be able to develop myself as an individual more",I want to focus again on Violin and Soccer and maybe try Dance?,Helping others.,,,,,,,,,Inquiry Pool
covenant_1718_NRCCUA-27939.CSV_001203,AlyssaBrown,Alyssa,Brown,horselover4567@yahoo.com,F,315 W Mcneely Ave,,Mooresville,NC,28115-2233,,,,,,,,Mooresville High School,2018,342715,NON-HISPANIC,WHITE,B+,02/08/2000,,NRCCUA-27939
covenant_1718_NRCCUA-27939.CSV_002712,BradleyKempsonJr,Bradley,Kempson Jr,brad234688@gmail.com,M,769 Newman Swamp Rd,,Lamar,SC,29069-8913,,,,,,,,Mayo High School For Math Sci,2018,410626,NON-HISPANIC,WHITE,A-,01/19/2000,,NRCCUA-27939
covenant_1718_NRCCUA-27939.CSV_003636,StevaunieWorden,Stevaunie,Worden,stevaunieworden@anderson5.net,F,122A Wentzky Cir,,Anderson,SC,29621-1017,,,,,,,,T L Hanna High School Ib World,2018,410050,NON-HISPANIC,AFR-AMER,A,12/06/1999,,NRCCUA-27939
covenant_1718_NRCCUA-27939.CSV_003896,DavidEvans,David,Evans,davidevans@anderson5.net,M,210 Philwood Dr,,Williamston,SC,29697-9258,,,,,,,,T L Hanna High School Ib World,2018,410050,NON-HISPANIC,UNKNOWN,A,07/25/2000,,NRCCUA-27939
covenant_1718_NRCCUA-27939.CSV_004252,ZackiahBailey,Zackiah,Bailey,kiahbailey22@gmail.com,F,6202 Cavalier Xing,,Lithonia,GA,30038-5343,,,,,,,,,2018,,NON-HISPANIC,AFR-AMER,A,05/22/2000,,NRCCUA-27939
covenant_1718_NRCCUA-27939.CSV_005473,LibertyRoberts,Liberty,Roberts,liberty0600@gmail.com,F,2121 New Bethel Rd,,Carnesville,GA,30521-7313,,,I'd Like to Visit,,,,,Franklin County High School,2018,110595,NON-HISPANIC,WHITE,A-,06/24/2000,,NRCCUA-27939
covenant_1718_NRCCUA-27939.CSV_005579,KelliHammonds,Kelli,Hammonds,kellideneal@gmail.com,F,6086 Daffodil Dr,,Flowery Branch,GA,30542-5267,,,,,,,,Flowery Branch High School,2018,111281,NON-HISPANIC,WHITE,B,06/19/2000,,NRCCUA-27939
covenant_1718_IQP.csv_001546,KaylaHawkins,Kayla,Hawkins,kaykayhawk@gmail.com,F,PO Box 1833,,Augusta,GA,30903-1833,,,,,,,,,,,,,,,,Inquiry Pool
covenant_1718_NRCCUA-27939.CSV_008125,SelenaPittman,Selena,Pittman,pittmanselena1020@gmail.com,F,1001 S Kirkman Rd Apt 69,,Orlando,FL,32811-3209,,,,,,,,Jones High School,2018,101295,NON-HISPANIC,AFR-AMER,A-,05/11/1999,,NRCCUA-27939
covenant_1718_IQP.csv_001843,TreyDoyle,Trey,Doyle,trey2957@gmail.com,M,536 Plymouth St,,Melbourne,FL,32935-3929,,,,,,,,,,,,,,,,Inquiry Pool
covenant_1718_IQP.csv_001940,AbigailCook,Abigail,Cook,slidedog23@gmail.com,F,4704 Fairlea Dr,,Valrico,FL,33596-5903,,,Find Out Why,"adventure,help others,not sure,fight for social change",Go on a missions trip,investing,Listening,,,,,,,,,Inquiry Pool
covenant_1718_NRCCUA-27939.CSV_010409,AshleyBrockman,Ashley,Brockman,ashleydbrockman@gmail.com,F,622 Tiffany Dr,,Trussville,AL,35173-3219,,,Find Out Why,,,,,Hewitt-Trussville High School,2018,012675,NON-HISPANIC,WHITE,B,10/21/1999,,NRCCUA-27939
covenant_1718_NRCCUA-27939.CSV_011429,TylerJonesB4J,Tyler,Jones,tj18131@fpcsk12.org,M,1825 Forest Ave NW,,Fort Payne,AL,35967-3413,,,,,,,,,2018,,NON-HISPANIC,WHITE,A,02/24/2000,,NRCCUA-27939
covenant_1718_NRCCUA-27939.CSV_011449,MadisonWeldon,Madison,Weldon,mw18047@fpcsk12.org,F,1410 68th St NW,,Fort Payne,AL,35967-8301,,,,,,,,,2018,,NON-HISPANIC,WHITE,A,06/23/2000,,NRCCUA-27939
covenant_1718_NRCCUA-27939.CSV_011842,BethanyJohnsonK5Q,Bethany,Johnson,beth122799@gmail.com,F,315 Dogwood Ln,,Jacksonville,AL,36265-6287,,,Find Out Why,help others,Go on a trip learning new cultures,Tennis,Music,Pleasant Valley High School,2018,011534,NON-HISPANIC,WHITE,A,12/27/1999,,NRCCUA-27939
covenant_1718_NRCCUA-27939.CSV_012172,JadenMorace,Jaden,Morace,jadenmorace@yahoo.com,F,19151 County Road 13,,Fairhope,AL,36532-3675,,,,,,,,Fairhope High School,2018,011060,NON-HISPANIC,WHITE,A,06/03/2000,,NRCCUA-27939
covenant_1718_NRCCUA-27939.CSV_012525,AlisonLane,Alison,Lane,hawkeyesdaughter@gmail.com,F,4242 Chestnut Dr,,Auburn,AL,36830-8186,,,,,,,,Auburn High School,2018,010220,NON-HISPANIC,WHITE,A,01/07/2000,,NRCCUA-27939
covenant_1718_IQP.csv_002466,AllisonSekura,Allison,Sekura,dave@fbc-naca.org,F,PO Box 1390,,Dayton,TN,37321-1120,,,,,,,,,,,,,,,,Inquiry Pool
covenant_1718_NRCCUA-27939.CSV_013982,BrittanyAlexander,Brittany,Alexander,larrytina@charter.net,F,543 Jackson Hills Dr,,Maryville,TN,37804-2511,,,,,,,,Heritage High School,2018,431290,NON-HISPANIC,WHITE,B,11/17/1999,,NRCCUA-27939
covenant_1718_IQP.csv_002837,NathanHubele,Nathan,Hubele,nathanhubele47@gmail.com,M,1607 Howard St,,Jackson,MS,39202-1322,,,,,,,,,,,,,,,,Inquiry Pool
covenant_1718_NRCCUA-27951.CSV_002169,BailynnPeeler,Bailynn,Peeler,bailynnpeeler@gmail.com,F,7270 Old Hinkleville Rd,,West Paducah,KY,42086-9232,,,,,,,,McCracken County High School,2018,182080,NON-HISPANIC,WHITE,B,01/05/2000,,NRCCUA-27951
covenant_1718_IQP.csv_002916,DanielSewak,Daniel,Sewak,daniel.w.sewak@gmail.com,M,8627 Ridgecrest Dr,,West Chester,OH,45069-3218,,,,,,,,,,,,,,,,Inquiry Pool
