efcid,PURL,First Name,Last Name,Email,Address,City,State,Zip,phone,mobile,date,Event Info,gender,highschool,grad year,ceeb,gap,listsource,Browser,browserName,OS
covenant_1718_IQP.csv_001781,ChandlerJackson,Chandler,Jackson,chandlerjackson99@yahoo.com,6635 Warren Rd,Milton,FL,32583-7656,,,9/19/2017 1:51:20 PM,www.covenant.edu/academics/undergrad,M,,,,,Inquiry Pool,,,
covenant_1718_IQP.csv_000333,CaraSmole,Cara,Smole,CARTWHEELCARA@GMAIL.COM,8865 Fenwick Hills Pkwy,Toano,VA,23168-9356,,,9/19/2017 2:10:41 PM,www.covenant.edu/visit/school_year,F,,,,,Inquiry Pool,,,
covenant_1718_IQP.csv_000745,WilliamCline,William,Cline,clinedm@gmail.com,614 Altamont Rd,Greenville,SC,29609-6613,,,9/19/2017 2:16:24 PM,www.covenant.edu/academics/undergrad/music/contact,M,,,,,Inquiry Pool,,,
covenant_1718_NRCCUA-27939.CSV_012515,DakotaRiemer,Dakota,Riemer,drwind2k@gmail.com,1404 E University Dr,Auburn,AL,36830-6331,,,9/19/2017 2:16:38 PM,www.covenant.edu/admissions/undergrad/apply,F,,2018,,A,NRCCUA-27939,,,
covenant_1718_NRCCUA-27939.CSV_012515,DakotaRiemer,Dakota,Riemer,drwind2k@gmail.com,1404 E University Dr,Auburn,AL,36830-6331,,,9/19/2017 2:17:05 PM,www.covenant.edu/students,F,,2018,,A,NRCCUA-27939,,,
covenant_1718_NRCCUA-27939.CSV_012515,DakotaRiemer,Dakota,Riemer,drwind2k@gmail.com,1404 E University Dr,Auburn,AL,36830-6331,,,9/19/2017 2:17:54 PM,www.covenant.edu/admissions/undergrad/costs,F,,2018,,A,NRCCUA-27939,,,
covenant_1718_NRCCUA-27939.CSV_012515,DakotaRiemer,Dakota,Riemer,drwind2k@gmail.com,1404 E University Dr,Auburn,AL,36830-6331,,,9/19/2017 2:18:13 PM,www.covenant.edu/admissions/undergrad/costs/tuition,F,,2018,,A,NRCCUA-27939,,,
covenant_1718_NRCCUA-27939.CSV_012515,DakotaRiemer,Dakota,Riemer,drwind2k@gmail.com,1404 E University Dr,Auburn,AL,36830-6331,,,9/19/2017 2:18:29 PM,www.covenant.edu/admissions/undergrad/costs/scholarships,F,,2018,,A,NRCCUA-27939,,,
covenant_1718_IQP.csv_001781,ChandlerJackson,Chandler,Jackson,chandlerjackson99@yahoo.com,6635 Warren Rd,Milton,FL,32583-7656,,,9/19/2017 2:23:59 PM,http://urpurpose.covenant.edu/##PURL##/tracker.html?SessionGuid=e3910e73-99da-4173-82b1-e55b9,M,,,,,Inquiry Pool,,,
covenant_1718_IQP.csv_002508,AnnaFleming,Anna,Fleming,annagracefleming@gmail.com,5626 Bungalow Cir,Hixson,TN,37343-5359,,,9/19/2017 2:25:44 PM,www.covenant.edu/academics/maclellan_scholars,F,,,,,Inquiry Pool,,,
covenant_1718_IQP.csv_000333,CaraSmole,Cara,Smole,CARTWHEELCARA@GMAIL.COM,8865 Fenwick Hills Pkwy,Toano,VA,23168-9356,,,9/19/2017 2:34:07 PM,www.covenant.edu/visit/school_year,F,,,,,Inquiry Pool,,,
covenant_1718_NRCCUA-27951.CSV_001604,AshleyTripp,Ashley,Tripp,tnashley1@yahoo.com,537 Macrander Dr,Berea,KY,40403-8311,,,9/19/2017 2:38:42 PM,www.covenant.edu/admissions/undergrad/apply,F,Madison Southern High School,2018,180211,A,NRCCUA-27951,,,
covenant_1718_NRCCUA-27939.CSV_008238,JadeJordan,Jade,Jordan,jadejordan44@yahoo.com,PO Box 1324,Melbourne,FL,32902-1324,,,9/19/2017 2:59:46 PM,www.covenant.edu/academics/undergrad,F,,2018,,A,NRCCUA-27939,,,
covenant_1718_IQP.csv_000333,CaraSmole,Cara,Smole,CARTWHEELCARA@GMAIL.COM,8865 Fenwick Hills Pkwy,Toano,VA,23168-9356,,,9/19/2017 3:00:19 PM,www.covenant.edu/academics/maclellan_scholars,F,,,,,Inquiry Pool,,,
covenant_1718_NRCCUA-27939.CSV_008238,JadeJordan,Jade,Jordan,jadejordan44@yahoo.com,PO Box 1324,Melbourne,FL,32902-1324,,,9/19/2017 2:59:59 PM,www.covenant.edu/academics/undergrad/psychology,F,,2018,,A,NRCCUA-27939,,,
covenant_1718_NRCCUA-27939.CSV_008238,JadeJordan,Jade,Jordan,jadejordan44@yahoo.com,PO Box 1324,Melbourne,FL,32902-1324,,,9/19/2017 3:01:30 PM,www.covenant.edu/visit,F,,2018,,A,NRCCUA-27939,,,
covenant_1718_NRCCUA-27939.CSV_008238,JadeJordan,Jade,Jordan,jadejordan44@yahoo.com,PO Box 1324,Melbourne,FL,32902-1324,,,9/19/2017 3:06:37 PM,www.covenant.edu/academics/undergrad/psychology,F,,2018,,A,NRCCUA-27939,,,
covenant_1718_NRCCUA-27939.CSV_014648,DrewHolland,Drew,Holland,hollatd@yahoo.com,329 N Seventh St,Obion,TN,38240-3857,,,9/19/2017 3:21:19 PM,www.covenant.edu/,M,Obion County Central High Scho,2018,432305,B,NRCCUA-27939,,,
covenant_1718_NRCCUA-27939.CSV_008238,JadeJordan,Jade,Jordan,jadejordan44@yahoo.com,PO Box 1324,Melbourne,FL,32902-1324,,,9/19/2017 3:23:07 PM,http://urpurpose.covenant.edu/##PURL##/tracker.html?SessionGuid=bb794544-ca5a-4ef0-b54e-53124599cc,F,,2018,,A,NRCCUA-27939,,,
covenant_1718_NRCCUA-27939.CSV_004460,EmmaMiller,Emma,Miller,emmerrosemiller@gmail.com,239 Diamond Ct,Carrollton,GA,30116-7567,,,9/19/2017 3:40:54 PM,www.covenant.edu/,F,Alexander High School,2018,111104,A,NRCCUA-27939,,,
covenant_1718_NRCCUA-27939.CSV_004460,EmmaMiller,Emma,Miller,emmerrosemiller@gmail.com,239 Diamond Ct,Carrollton,GA,30116-7567,,,9/19/2017 3:41:18 PM,www.covenant.edu/academics/undergrad/pre-physicaltherapy,F,Alexander High School,2018,111104,A,NRCCUA-27939,,,
covenant_1718_NRCCUA-27939.CSV_004460,EmmaMiller,Emma,Miller,emmerrosemiller@gmail.com,239 Diamond Ct,Carrollton,GA,30116-7567,,,9/19/2017 3:41:24 PM,www.covenant.edu/academics/undergrad,F,Alexander High School,2018,111104,A,NRCCUA-27939,,,
covenant_1718_NRCCUA-27939.CSV_004460,EmmaMiller,Emma,Miller,emmerrosemiller@gmail.com,239 Diamond Ct,Carrollton,GA,30116-7567,,,9/19/2017 3:41:37 PM,www.covenant.edu/academics/undergrad/pre-physicaltherapy,F,Alexander High School,2018,111104,A,NRCCUA-27939,,,
covenant_1718_NRCCUA-27951.CSV_002189,KlawMeh,Klaw,Meh,bumeh999@gmail.com,669 Moss Creek Ave,Bowling Green,KY,42101-5511,,,9/19/2017 3:47:07 PM,www.covenant.edu/admissions/undergrad/apply,F,Warren Central High School,2018,180265,B,NRCCUA-27951,,,
covenant_1718_IQP.csv_000741,JacksonLyda,Jackson,Lyda,jacksonlyda@gmail.com,926 Cleveland St Apt 7302,Greenville,SC,29601-4657,,,9/19/2017 3:57:00 PM,www.covenant.edu/admissions/undergrad/costs,M,,,,,Inquiry Pool,,,
covenant_1718_IQP.csv_000741,JacksonLyda,Jackson,Lyda,jacksonlyda@gmail.com,926 Cleveland St Apt 7302,Greenville,SC,29601-4657,,,9/19/2017 3:57:55 PM,www.covenant.edu/about/experience/audio_experience/7742,M,,,,,Inquiry Pool,,,
covenant_1718_NRCCUA-27939.CSV_014152,HannahBroyles,Hannah,Broyles,hbroyles2013@gmail.com,150 Lees Chapel Rd,Sweetwater,TN,37874-6452,,,9/19/2017 3:59:13 PM,www.covenant.edu/admissions/undergrad/apply,F,Sweetwater High School,2018,432235,A,NRCCUA-27939,,,
covenant_1718_NRCCUA-27939.CSV_014152,HannahBroyles,Hannah,Broyles,hbroyles2013@gmail.com,150 Lees Chapel Rd,Sweetwater,TN,37874-6452,,,9/19/2017 3:59:25 PM,www.covenant.edu/admissions/undergrad/apply,F,Sweetwater High School,2018,432235,A,NRCCUA-27939,,,
covenant_1718_NRCCUA-27939.CSV_014152,HannahBroyles,Hannah,Broyles,hbroyles2013@gmail.com,150 Lees Chapel Rd,Sweetwater,TN,37874-6452,,,9/19/2017 4:03:42 PM,www.covenant.edu/admissions/undergrad/accepted,F,Sweetwater High School,2018,432235,A,NRCCUA-27939,,,
covenant_1718_NRCCUA-27939.CSV_014152,HannahBroyles,Hannah,Broyles,hbroyles2013@gmail.com,150 Lees Chapel Rd,Sweetwater,TN,37874-6452,,,9/19/2017 4:04:30 PM,www.covenant.edu/academics/undergrad/psychology,F,Sweetwater High School,2018,432235,A,NRCCUA-27939,,,
covenant_1718_NRCCUA-27939.CSV_014648,DrewHolland,Drew,Holland,hollatd@yahoo.com,329 N Seventh St,Obion,TN,38240-3857,,,9/19/2017 5:13:55 PM,www.covenant.edu/academics/undergrad/psychology,M,Obion County Central High Scho,2018,432305,B,NRCCUA-27939,,,
covenant_1718_NRCCUA-27951.CSV_002189,KlawMeh,Klaw,Meh,bumeh999@gmail.com,669 Moss Creek Ave,Bowling Green,KY,42101-5511,,,9/19/2017 5:28:14 PM,www.covenant.edu/admissions/undergrad/apply,F,Warren Central High School,2018,180265,B,NRCCUA-27951,,,
covenant_1718_IQP.csv_001302,AliAuffarth,Ali,Auffarth,ali.auffarth@gmail.com,1869 Blue Ridge Dr NE,Gainesville,GA,30501-1209,,,9/19/2017 5:29:36 PM,www.covenant.edu/students,M,,,,,Inquiry Pool,,,
covenant_1718_IQP.csv_001302,AliAuffarth,Ali,Auffarth,ali.auffarth@gmail.com,1869 Blue Ridge Dr NE,Gainesville,GA,30501-1209,,,9/19/2017 5:29:41 PM,www.covenant.edu/students/service,M,,,,,Inquiry Pool,,,
covenant_1718_IQP.csv_000333,CaraSmole,Cara,Smole,CARTWHEELCARA@GMAIL.COM,8865 Fenwick Hills Pkwy,Toano,VA,23168-9356,,,9/19/2017 5:31:58 PM,http://urpurpose.covenant.edu/##PURL##/tracker.html?SessionGuid=1c901d7e-02db-44a6-b8fd-cc2f9d8e212,F,,,,,Inquiry Pool,,,
covenant_1718_IQP.csv_001781,ChandlerJackson,Chandler,Jackson,chandlerjackson99@yahoo.com,6635 Warren Rd,Milton,FL,32583-7656,,,9/19/2017 7:52:13 PM,http://urpurpose.covenant.edu/##PURL##/tracker.html?SessionGuid=cf988eb3-7c93-4028-b71d-9504a,M,,,,,Inquiry Pool,,,
covenant_1718_NRCCUA-27939.CSV_007715,JosephRozier,Joseph,Rozier,mlr1818@yahoo.com,300 Augusta Rd Apt 311,Panama City Beach,FL,32407-0235,,,9/19/2017 9:03:39 PM,www.covenant.edu/,M,A Crawford Mosley High School,2018,101357,B+,NRCCUA-27939,,,
covenant_1718_NRCCUA-27939.CSV_014516,AmyaHunt,Amya,Hunt,amya.hunt@yahoo.com,1499 Maurine Dr,Memphis,TN,38116-7967,,,9/19/2017 9:30:40 PM,www.covenant.edu/admissions/undergrad/apply,F,Whitehaven High School,2018,432430,B+,NRCCUA-27939,,,
covenant_1718_IQP.csv_002353,FinnHenry,Finn,Henry,finnbhenry@gmail.com,9353 Link Rd,Christiana,TN,37037-5237,,,9/19/2017 10:15:24 PM,www.covenant.edu/admissions/undergrad/apply,M,,,,,Inquiry Pool,,,
